{
  "val": {
    "precision": 0.38613861386138615,
    "recall": 0.3305084745762712,
    "f1": 0.3561643835616438,
    "fpr": 0.0021888404441227868,
    "tp": 78.0,
    "fp": 124.0,
    "tn": 56527.0,
    "fn": 158.0
  },
  "test": {
    "precision": 0.367816091954023,
    "recall": 0.270042194092827,
    "f1": 0.31143552311435524,
    "fpr": 0.001941713297205698,
    "tp": 64.0,
    "fp": 110.0,
    "tn": 56541.0,
    "fn": 173.0
  },
  "threshold": -0.061287544601304485
}